[{"id":3,"name":"Welcome","visible":1,"summary":"<p>This course will introduce you to the basics of Alpine Mountaineering, while at the same time highlighting some of the great features of Moodle.<\/p>\n<p style=\"text-align: center;\"><img src=\"http:\/\/prototype.moodle.net\/mobile\/moodle25\/webservice\/pluginfile.php\/17\/course\/section\/3\/two.jpg\" alt=\"Mont Blanc\" height=\"114\" width=\"358\" \/><\/p>","summaryformat":1,"modules":[{"id":1,"url":"http:\/\/prototype.moodle.net\/mobile\/moodle25\/mod\/forum\/view.php?id=1","name":"Course announcements","description":"<div class=\"no-overflow\">A place for announcements. You'll be automatically subscribed to this.<\/div>","visible":1,"modicon":"http:\/\/prototype.moodle.net\/mobile\/moodle25\/theme\/image.php\/standard\/forum\/1402490223\/icon","modname":"forum","modplural":"Forums","indent":0}]},{"id":4,"name":"Have your Say","visible":1,"summary":"","summaryformat":1,"modules":[{"id":2,"url":"http:\/\/prototype.moodle.net\/mobile\/moodle25\/mod\/forum\/view.php?id=2","name":"This week's discussion topic..","description":"<div class=\"no-overflow\"><p>Each week we'll be having a discussion on a different mountaineering issue. Feel free to add your thoughts.<\/p><\/div>","visible":1,"modicon":"http:\/\/prototype.moodle.net\/mobile\/moodle25\/theme\/image.php\/standard\/forum\/1402490223\/icon","modname":"forum","modplural":"Forums","indent":0},{"id":3,"url":"http:\/\/prototype.moodle.net\/mobile\/moodle25\/mod\/choice\/view.php?id=3","name":"Vote for the next climb","description":"<div class=\"no-overflow\"><p>In the autumn of 2012, following our successful - we hope! - ascent of Mont Blanc, we plan to tackle another Alpine challenge. Exercise your democratic right to choose by selecting your preferred climb below - the most popular one will be the one we do!<\/p><\/div>","visible":1,"modicon":"http:\/\/prototype.moodle.net\/mobile\/moodle25\/theme\/image.php\/standard\/choice\/1402490223\/icon","modname":"choice","modplural":"Choices","indent":0},{"id":4,"name":"Label","description":"<div class=\"no-overflow\"><p style=\"text-align: center;\"><img src=\"http:\/\/prototype.moodle.net\/mobile\/moodle25\/pluginfile.php\/24\/mod_label\/intro\/one.jpg\" height=\"112\" width=\"358\" \/><\/p><\/div>","visible":1,"modicon":"http:\/\/prototype.moodle.net\/mobile\/moodle25\/theme\/image.php\/standard\/label\/1402490223\/icon","modname":"label","modplural":"Labels","indent":0}]},{"id":5,"name":"Learning resources","visible":1,"summary":"","summaryformat":1,"modules":[{"id":5,"url":"http:\/\/prototype.moodle.net\/mobile\/moodle25\/mod\/page\/view.php?id=5","name":"See the summit of Mont Blanc","description":"<div class=\"no-overflow\"><p>a very short youtube video showing you the summit of Mont Blanc<\/p><\/div>","visible":1,"modicon":"http:\/\/prototype.moodle.net\/mobile\/moodle25\/theme\/image.php\/standard\/page\/1402490223\/icon","modname":"page","modplural":"Pages","indent":0,"contents":[{"type":"file","filename":"index.html","filepath":"\/","filesize":0,"fileurl":"http:\/\/prototype.moodle.net\/mobile\/moodle25\/webservice\/pluginfile.php\/25\/mod_page\/content\/index.html?forcedownload=1","timecreated":null,"timemodified":1330898315,"sortorder":1,"userid":null,"author":null,"license":null}]},{"id":6,"name":"climbingmontblanc.mp3\nInterview with Steve, exper...","description":"<div class=\"no-overflow\"><p><a href=\"http:\/\/prototype.moodle.net\/mobile\/moodle25\/pluginfile.php\/26\/mod_label\/intro\/climbingmontblanc.mp3\">climbingmontblanc.mp3<\/a><\/p>\n<p>Interview with Steve, experienced alpinist, talking about the risks and considerations when climbing Mont Blanc<\/p><\/div>","visible":1,"modicon":"http:\/\/prototype.moodle.net\/mobile\/moodle25\/theme\/image.php\/standard\/label\/1402490223\/icon","modname":"label","modplural":"Labels","indent":0},{"id":7,"url":"http:\/\/prototype.moodle.net\/mobile\/moodle25\/mod\/resource\/view.php?id=7","name":"Lakeland Climbing Video","description":"<div class=\"no-overflow\"><p>Videos may be uploaded either as a file resource or embedded using the Moodle media icon. This is a 3GP video of a \u00a0beginners' Lakeland climbing expedition, uploaded with the permission \u00a0of the climbers.<\/p><\/div>","visible":1,"modicon":"http:\/\/prototype.moodle.net\/mobile\/moodle25\/theme\/image.php\/standard\/core\/1402490223\/f\/quicktime-24","modname":"resource","modplural":"Files","indent":0,"contents":[{"type":"file","filename":"Snow_and_Ice_on_Pinnacle_Ridge.3gp","filepath":"\/","filesize":5639777,"fileurl":"http:\/\/prototype.moodle.net\/mobile\/moodle25\/webservice\/pluginfile.php\/27\/mod_resource\/content\/1\/Snow_and_Ice_on_Pinnacle_Ridge.3gp?forcedownload=1","timecreated":1362564739,"timemodified":1362564739,"sortorder":1,"userid":2,"author":"Mary Cooch","license":"cc"}]},{"id":8,"url":"http:\/\/prototype.moodle.net\/mobile\/moodle25\/mod\/url\/view.php?id=8","name":"Information online about Mont Blanc","description":"<div class=\"no-overflow\"><p>This is the wikipedia entry about Mont Blanc<\/p><\/div>","visible":1,"modicon":"http:\/\/prototype.moodle.net\/mobile\/moodle25\/theme\/image.php\/standard\/url\/1402490223\/icon","modname":"url","modplural":"URLs","indent":0,"contents":[{"type":"url","filename":null,"filepath":null,"filesize":0,"fileurl":"http:\/\/en.wikipedia.org\/wiki\/Mont_Blanc","timecreated":null,"timemodified":null,"sortorder":null,"userid":null,"author":null,"license":null}]},{"id":9,"url":"http:\/\/prototype.moodle.net\/mobile\/moodle25\/mod\/resource\/view.php?id=9","name":"List of necessary equipment","description":"<div class=\"no-overflow\"><p>\u00a0list in pdf format of mountaineering equipment (courtesy of <a target=\"_blank\" href=\"http:\/\/www.ontopmountaineering.com\/\">ontopmountaineering<\/a>)<\/p><\/div>","visible":1,"modicon":"http:\/\/prototype.moodle.net\/mobile\/moodle25\/theme\/image.php\/standard\/core\/1402490223\/f\/pdf-24","modname":"resource","modplural":"Files","indent":0,"contents":[{"type":"file","filename":"MontBlancE.pdf","filepath":"\/","filesize":71515,"fileurl":"http:\/\/prototype.moodle.net\/mobile\/moodle25\/webservice\/pluginfile.php\/29\/mod_resource\/content\/3\/MontBlancE.pdf?forcedownload=1","timecreated":1333987639,"timemodified":1333987682,"sortorder":1,"userid":2,"author":"Mary Cooch","license":"allrightsreserved"}]},{"id":10,"url":"http:\/\/prototype.moodle.net\/mobile\/moodle25\/mod\/folder\/view.php?id=10","name":"Course resources","description":"<div class=\"no-overflow\"><p>A folder of Word documents and Powerpoints to supplement your studies.<\/p><\/div>","visible":1,"modicon":"http:\/\/prototype.moodle.net\/mobile\/moodle25\/theme\/image.php\/standard\/folder\/1402490223\/icon","modname":"folder","modplural":"Folders","indent":0,"contents":[{"type":"file","filename":"A brief History of Mont Blanc.docx","filepath":"\/Course resources\/","filesize":13307,"fileurl":"http:\/\/prototype.moodle.net\/mobile\/moodle25\/webservice\/pluginfile.php\/30\/mod_folder\/content\/2\/Course%20resources\/A%20brief%20History%20of%20Mont%20Blanc.docx?forcedownload=1","timecreated":1333988718,"timemodified":1333988718,"sortorder":0,"userid":2,"author":"Mary Cooch","license":"allrightsreserved"}]},{"id":11,"name":"Label","description":"<div class=\"no-overflow\"><p style=\"text-align: center;\"><img src=\"http:\/\/prototype.moodle.net\/mobile\/moodle25\/pluginfile.php\/31\/mod_label\/intro\/four.jpg\" height=\"114\" width=\"358\" \/><\/p><\/div>","visible":1,"modicon":"http:\/\/prototype.moodle.net\/mobile\/moodle25\/theme\/image.php\/standard\/label\/1402490223\/icon","modname":"label","modplural":"Labels","indent":0}]},{"id":6,"name":"Learning and Collaborative activities","visible":1,"summary":"","summaryformat":1,"modules":[{"id":12,"url":"http:\/\/prototype.moodle.net\/mobile\/moodle25\/mod\/lesson\/view.php?id=12","name":"Climbing Conundrum- can you make the right choice?","visible":1,"modicon":"http:\/\/prototype.moodle.net\/mobile\/moodle25\/theme\/image.php\/standard\/lesson\/1402490223\/icon","modname":"lesson","modplural":"Lessons","indent":0},{"id":13,"name":"a decision-making\/simulation\/role play activity wi...","description":"<div class=\"no-overflow\"><p>a decision-making\/simulation\/role play activity with a twist: get it wrong and you die!<\/p><\/div>","visible":1,"modicon":"http:\/\/prototype.moodle.net\/mobile\/moodle25\/theme\/image.php\/standard\/label\/1402490223\/icon","modname":"label","modplural":"Labels","indent":0},{"id":14,"url":"http:\/\/prototype.moodle.net\/mobile\/moodle25\/mod\/glossary\/view.php?id=14","name":"A collaborative glossary of climbing terms","description":"<div class=\"no-overflow\"><p>Add your climbing terms to this glossary so others can learn from your knowledge.<\/p><\/div>","visible":1,"modicon":"http:\/\/prototype.moodle.net\/mobile\/moodle25\/theme\/image.php\/standard\/glossary\/1402490223\/icon","modname":"glossary","modplural":"Glossaries","indent":0},{"id":15,"url":"http:\/\/prototype.moodle.net\/mobile\/moodle25\/mod\/resource\/view.php?id=15","name":"(The glossary terms for download)","description":"<div class=\"no-overflow\"><p>Here are the glossary terms for download. <a target=\"_blank\" href=\"http:\/\/docs.moodle.org\/22\/en\/Using_Glossary#Exporting_glossary_entries_to_another_glossary\">Instructions here<\/a><\/p><\/div>","visible":1,"modicon":"http:\/\/prototype.moodle.net\/mobile\/moodle25\/theme\/image.php\/standard\/core\/1402490223\/f\/markup-24","modname":"resource","modplural":"Files","indent":0,"contents":[{"type":"file","filename":"A collaborative glossary of climbing terms.xml","filepath":"\/","filesize":5910,"fileurl":"http:\/\/prototype.moodle.net\/mobile\/moodle25\/webservice\/pluginfile.php\/35\/mod_resource\/content\/1\/A%20collaborative%20glossary%20of%20climbing%20terms.xml?forcedownload=1","timecreated":1333985875,"timemodified":1333985875,"sortorder":1,"userid":2,"author":"Mary Cooch","license":"allrightsreserved"}]},{"id":16,"url":"http:\/\/prototype.moodle.net\/mobile\/moodle25\/mod\/wiki\/view.php?id=16","name":"Planning document","description":"<div class=\"no-overflow\"><p>This is a collaborative planning document (wiki) where we will combine ideas for our ascent of Mont Blanc. Feel free to add, edit and (where appropriate) delete contributions. But bear in mind everyone's actions are recorded:-)<\/p><\/div>","visible":1,"modicon":"http:\/\/prototype.moodle.net\/mobile\/moodle25\/theme\/image.php\/standard\/wiki\/1402490223\/icon","modname":"wiki","modplural":"Wikis","indent":0},{"id":17,"name":"\u00a0","description":"<div class=\"no-overflow\"><p style=\"text-align: center;\">\u00a0<img src=\"http:\/\/prototype.moodle.net\/mobile\/moodle25\/pluginfile.php\/37\/mod_label\/intro\/three.jpg\" height=\"116\" width=\"358\" \/><\/p><\/div>","visible":1,"modicon":"http:\/\/prototype.moodle.net\/mobile\/moodle25\/theme\/image.php\/standard\/label\/1402490223\/icon","modname":"label","modplural":"Labels","indent":0}]},{"id":7,"name":"Assessing progress","visible":1,"summary":"","summaryformat":1,"modules":[{"id":18,"url":"http:\/\/prototype.moodle.net\/mobile\/moodle25\/mod\/assign\/view.php?id=18","name":"Assignment: Requirements for night in the Alps","description":"<div class=\"no-overflow\"><p>Write a minimum of 500 words on what you would need to take into consideration if you were to spend a night in the Alps. Justify your choices.<\/p><\/div>","visible":1,"modicon":"http:\/\/prototype.moodle.net\/mobile\/moodle25\/theme\/image.php\/standard\/assign\/1402490223\/icon","modname":"assign","modplural":"Assignments","indent":0},{"id":19,"url":"http:\/\/prototype.moodle.net\/mobile\/moodle25\/mod\/quiz\/view.php?id=19","name":"Quiz: Test your knowledge on Alpinism","description":"<div class=\"no-overflow\"><p>This quiz contains a variety of questions to test your knowledge of Alpine mountaineering. At the end of the quiz you will be given your score with suggestions for improvement.<\/p><\/div>","visible":1,"modicon":"http:\/\/prototype.moodle.net\/mobile\/moodle25\/theme\/image.php\/standard\/quiz\/1402490223\/icon","modname":"quiz","modplural":"Quizzes","indent":0},{"id":20,"url":"http:\/\/prototype.moodle.net\/mobile\/moodle25\/mod\/workshop\/view.php?id=20","name":"Peer Assessment: Rate your mate","description":"<div class=\"no-overflow\"><p>This activity will allow you to assess your climbing partners' proficiency, safety and reliability on the Mountains.<\/p><\/div>","visible":1,"modicon":"http:\/\/prototype.moodle.net\/mobile\/moodle25\/theme\/image.php\/standard\/workshop\/1402490223\/icon","modname":"workshop","modplural":"Workshops","indent":0},{"id":21,"name":"Label","description":"<div class=\"no-overflow\"><p style=\"text-align: center;\"><img src=\"http:\/\/prototype.moodle.net\/mobile\/moodle25\/pluginfile.php\/41\/mod_label\/intro\/montblanccourse.jpg\" height=\"112\" width=\"358\" \/><\/p><\/div>","visible":1,"modicon":"http:\/\/prototype.moodle.net\/mobile\/moodle25\/theme\/image.php\/standard\/label\/1402490223\/icon","modname":"label","modplural":"Labels","indent":0}]},{"id":8,"name":"Evaluation","visible":1,"summary":"","summaryformat":1,"modules":[{"id":23,"name":"Label","description":"<div class=\"no-overflow\"><p style=\"text-align: center;\"><img src=\"http:\/\/prototype.moodle.net\/mobile\/moodle25\/pluginfile.php\/43\/mod_label\/intro\/five.jpg\" height=\"113\" width=\"358\" \/><\/p><\/div>","visible":1,"modicon":"http:\/\/prototype.moodle.net\/mobile\/moodle25\/theme\/image.php\/standard\/label\/1402490223\/icon","modname":"label","modplural":"Labels","indent":0}]},{"id":9,"name":"Topic 6","visible":1,"summary":"","summaryformat":1,"modules":[]},{"id":10,"name":"Topic 7","visible":1,"summary":"","summaryformat":1,"modules":[]},{"id":11,"name":"Topic 8","visible":1,"summary":"","summaryformat":1,"modules":[]},{"id":12,"name":"Topic 9","visible":1,"summary":"","summaryformat":1,"modules":[]},{"id":13,"name":"Topic 10","visible":1,"summary":"","summaryformat":1,"modules":[]}]