[{"id":3,"username":"student","fullname":"Andrew Student","email":"andre@dasdfa.zcvjd","department":"","firstaccess":1402891717,"lastaccess":1404990136,"description":"","descriptionformat":1,"city":"Perth","country":"AU","profileimageurlsmall":"emulator/userimage.png#","profileimageurl":"emulator/userimage.png#","roles":[{"roleid":5,"name":"","shortname":"student","sortorder":0}],"preferences":[{"name":"auth_forcepasswordchange","value":"0"},{"name":"email_bounce_count","value":"1"},{"name":"email_send_count","value":"2"},{"name":"message_provider_mod_assign_assign_notification_loggedin","value":"email"},{"name":"message_provider_mod_assign_assign_notification_loggedoff","value":"email"},{"name":"message_provider_moodle_courserequestapproved_loggedin","value":"email,airnotifier"},{"name":"message_provider_moodle_courserequestapproved_loggedoff","value":"email,airnotifier"},{"name":"message_provider_moodle_courserequestrejected_loggedin","value":"email,airnotifier"},{"name":"message_provider_moodle_courserequestrejected_loggedoff","value":"email,airnotifier"},{"name":"message_provider_enrol_manual_expiry_notification_loggedin","value":"email"},{"name":"message_provider_enrol_manual_expiry_notification_loggedoff","value":"email"},{"name":"message_provider_enrol_self_expiry_notification_loggedin","value":"email"},{"name":"message_provider_enrol_self_expiry_notification_loggedoff","value":"email"},{"name":"message_provider_mod_lesson_graded_essay_loggedin","value":"email"},{"name":"message_provider_mod_lesson_graded_essay_loggedoff","value":"email"},{"name":"message_provider_moodle_instantmessage_loggedin","value":"popup,airnotifier"},{"name":"message_provider_moodle_instantmessage_loggedoff","value":"popup,email,airnotifier"},{"name":"message_provider_mod_forum_posts_loggedin","value":"email"},{"name":"message_provider_mod_forum_posts_loggedoff","value":"email"},{"name":"message_blocknoncontacts","value":"0"},{"name":"message_beepnewmessage","value":"0"},{"name":"_lastloaded","value":1404990136}],"enrolledcourses":[{"id":3,"fullname":"Test course for grades","shortname":"TestGrades"},{"id":2,"fullname":"Basic  Moodle and Mountaineering","shortname":"Moodle Mountain"}]},{"id":4,"fullname":"Tom Student","email":"tom@nomailever.zzzz","firstaccess":0,"lastaccess":0,"description":"","descriptionformat":1,"city":"barcelona","country":"ES","profileimageurlsmall":"emulator/userimage.png#","profileimageurl":"emulator/userimage.png#","roles":[{"roleid":5,"name":"","shortname":"student","sortorder":0}],"enrolledcourses":[{"id":3,"fullname":"Test course for grades","shortname":"TestGrades"},{"id":2,"fullname":"Basic  Moodle and Mountaineering","shortname":"Moodle Mountain"}]}]